,creation_date,stars,size,contributor_count,contributor_companies_count,branch_count,commit_count,commit_comment_count,last_commit_date,labels_count,tag_count,milestone_count,pullrequest_count,pullrequest_review_count,release_count,workflow_count,readme_length,issues_count,issues_comment_count,has_wiki,has_pages,has_projects,has_downloads,watchers_count,is_fork,prog_language,file_readme,file_code_of_conduct,file_contributing,file_funding,file_IssuePR_templates,file_security,file_support,year,task,student_type,Task_3_extInstructSet,teamKey
0,2021-05-23 12:32:28,0,11,4,1,1,9,0,2021-05-23 15:24:26,9,1,0,2,5,1,1,4697,3,2,True,False,True,True,False,False,Python,2021-05-23 12:32:29,,,,,,,2021,3,Fac1,0.0,0
1,2021-05-22 08:50:21,0,22,4,1,2,17,0,2021-05-26 22:15:13,9,1,1,1,1,1,1,6629,2,0,True,False,True,True,False,False,Python,2021-05-22 08:50:22,,,,,,,2021,3,Fac1,1.0,1
2,2021-05-20 06:43:46,1,25,5,2,1,14,0,2021-05-27 15:51:03,9,0,0,1,0,0,1,4697,2,4,True,False,True,True,True,False,Python,2021-05-20 06:43:47,,,,,,,2021,3,Fac1,0.0,2
3,2021-05-21 16:19:05,0,31,4,1,1,10,0,2021-05-25 05:28:53,9,1,0,2,0,1,1,4697,4,1,True,False,True,True,False,False,Python,2021-05-21 16:19:07,,,,,,,2021,3,Fac1,0.0,3
4,2021-05-20 07:07:56,1,31,4,1,3,19,0,2021-05-20 09:20:37,9,1,0,4,0,1,1,6702,6,3,True,False,True,True,True,False,Python,2021-05-20 07:07:57,,,,,,,2021,3,Fac1,1.0,4
5,2021-05-20 13:34:33,0,14,4,1,2,5,0,2021-05-25 10:57:12,9,1,0,1,3,1,1,4697,2,1,True,False,True,True,False,False,Python,2021-05-20 13:34:34,,,,,,,2021,3,Fac1,0.0,5
6,2021-05-25 12:12:34,0,13,3,1,2,7,0,2021-05-27 12:19:04,9,2,0,2,1,2,1,6629,4,0,True,False,True,True,False,False,Python,2021-05-25 12:12:36,,,,,,,2021,3,Fac1,1.0,6
7,2021-05-20 19:03:21,0,15,4,2,2,10,0,2021-05-28 06:40:32,9,1,1,1,0,1,1,4697,4,3,True,False,True,True,False,False,Python,2021-05-20 19:03:22,,,,,,,2021,3,Fac1,0.0,7
8,2021-05-21 14:30:35,1,47,4,1,3,47,0,2021-05-26 13:24:15,9,0,0,1,0,0,1,6629,3,2,True,False,True,True,True,False,Python,2021-05-21 14:30:36,,,,,,,2021,3,Fac1,1.0,8
9,2021-05-20 13:20:10,0,39,4,1,2,23,0,2021-05-27 12:28:06,9,1,0,3,7,1,1,4697,4,5,True,False,True,True,False,False,Python,2021-05-20 13:20:12,,,,,,,2021,3,Fac1,0.0,9
10,2021-05-25 07:07:04,0,13,4,2,2,7,0,2021-05-27 12:19:17,9,1,0,1,3,1,1,6629,2,0,True,False,True,True,False,False,Python,2021-05-25 07:07:06,,,,,,,2021,3,Fac1,1.0,10
11,2021-05-21 12:07:05,1,14,4,1,2,10,0,2021-05-27 12:17:26,9,1,0,1,3,1,1,4697,2,2,True,False,True,True,True,False,Python,2021-05-21 12:07:06,,,,,,,2021,3,Fac1,0.0,11
12,2021-05-20 14:31:57,0,32,4,3,1,20,2,2021-05-26 10:25:36,9,1,1,4,4,1,1,4697,8,2,True,False,True,True,False,False,Python,2021-05-20 14:31:59,,,,,,,2021,3,Fac1,0.0,12
13,2021-05-25 12:09:03,0,18,4,1,2,6,0,2021-05-25 13:13:10,9,0,0,1,0,0,1,6629,2,1,True,False,True,True,False,False,Python,2021-05-25 12:09:05,,,,,,,2021,3,Fac1,1.0,13
14,2021-05-25 06:29:06,0,11,5,1,2,7,0,2021-05-25 13:51:19,9,0,0,2,0,0,1,4697,3,1,True,False,True,True,False,False,Python,2021-05-25 06:29:07,,,,,,,2021,3,Fac1,0.0,14
15,2021-05-20 08:00:14,0,12,4,1,2,8,0,2021-05-21 09:14:33,9,1,0,2,0,1,1,4697,4,5,True,False,True,True,False,False,Python,2021-05-20 08:00:18,,,,,,,2021,3,Fac1,0.0,15
16,2021-05-25 12:05:20,0,11,3,1,2,4,0,2021-05-25 13:36:57,9,0,0,0,0,0,1,4697,2,3,True,False,True,True,False,False,Python,2021-05-25 12:05:21,,,,,,,2021,3,Fac1,0.0,16
17,2021-06-11 13:42:30,0,15,3,0,1,11,0,2021-06-18 12:47:12,9,0,0,1,0,0,0,6515,2,1,True,False,True,True,False,False,C#,2021-06-11 13:42:32,,,,,,,2021,3,Fac3,1.0,17
18,2021-06-15 09:37:34,2,11,3,0,2,6,1,2021-06-22 10:47:01,9,0,0,1,0,0,0,6515,2,0,True,False,True,True,True,False,,2021-06-15 09:37:35,,,,,,,2021,3,Fac3,1.0,18
19,2021-06-14 14:49:47,0,17,3,0,3,14,0,2021-06-23 12:52:49,9,3,0,5,0,3,0,6515,9,5,True,False,True,True,False,False,C#,2021-06-14 14:49:48,,,,,,,2021,3,Fac3,1.0,19
20,2021-06-15 09:53:13,1,4,1,0,1,1,0,2021-06-15 09:53:14,9,0,0,0,0,0,0,6515,0,0,True,False,True,True,True,False,,2021-06-15 09:53:14,,,,,,,2021,3,Fac3,1.0,20
21,2021-06-15 09:14:10,0,16,3,0,2,11,0,2021-06-23 08:59:55,9,1,0,1,0,1,0,6515,2,10,True,False,True,True,False,False,,2021-06-15 09:14:12,,,,,,,2021,3,Fac3,1.0,21
22,2021-06-11 12:07:12,0,4,1,0,1,1,0,2021-06-11 12:07:13,9,0,0,0,0,0,0,6515,0,0,True,False,True,True,False,False,,2021-06-11 12:07:13,,,,,,,2021,3,Fac3,1.0,22
23,2021-06-16 11:16:28,0,9,3,0,2,4,0,2021-06-16 11:50:12,9,1,0,1,0,1,0,6515,2,5,True,False,True,True,False,False,,2021-06-16 11:16:29,,,,,,,2021,3,Fac3,1.0,23
24,2021-06-10 12:22:34,0,13,3,0,2,11,0,2021-06-22 12:43:54,9,1,0,1,6,1,0,6515,2,2,True,False,True,True,False,False,,2021-06-10 12:22:35,,,,,,,2021,3,Fac3,1.0,24
25,2021-06-18 12:22:40,0,4,1,0,1,1,0,2021-06-18 12:22:41,9,0,0,0,0,0,0,6515,0,0,True,False,True,True,False,False,,2021-06-18 12:22:41,,,,,,,2021,3,Fac3,1.0,25
26,2021-06-10 11:31:09,0,20,3,0,1,21,1,2021-06-24 09:03:38,9,1,0,5,0,1,0,6515,8,19,True,False,True,True,False,False,Smalltalk,2021-06-10 11:31:10,,,,,,,2021,3,Fac3,1.0,26
27,2021-06-17 10:53:37,0,4,1,0,1,1,0,2021-06-17 10:53:39,9,0,0,0,0,0,0,6515,0,0,True,False,True,True,False,False,,2021-06-17 10:53:39,,,,,,,2021,3,Fac3,1.0,27
28,2021-06-18 12:39:11,0,4,1,0,1,1,0,2021-06-18 12:39:12,9,0,0,0,0,0,0,6515,0,0,True,False,True,True,False,False,,2021-06-18 12:39:12,,,,,,,2021,3,Fac3,1.0,28
29,2021-05-29 20:17:51,0,3,1,0,1,1,0,2021-05-29 20:17:53,9,0,0,0,0,0,0,9805,0,0,True,False,True,True,False,False,,2021-05-29 20:17:53,,,,,,,2021,4,Fac1,,0
30,2021-05-29 16:09:01,0,18,3,0,3,7,0,2021-06-03 07:46:34,9,1,1,3,0,1,0,9805,4,13,True,False,True,True,False,False,,2021-05-29 16:09:03,,,,,,,2021,4,Fac1,,1
31,2021-05-27 14:17:48,0,29,4,1,3,20,0,2021-06-08 06:06:22,9,0,0,3,0,0,0,9805,5,10,True,False,True,True,False,False,C#,2021-05-27 14:17:49,,,,,,,2021,4,Fac1,,2
32,2021-05-27 09:24:05,0,116,4,0,1,16,0,2021-05-30 13:11:21,9,1,0,8,0,1,0,9805,10,1,True,False,True,True,False,False,C#,2021-05-27 09:24:07,,,,,,,2021,4,Fac1,,3
33,2021-05-29 11:22:32,1,145,3,0,5,22,1,2021-06-01 14:27:40,9,2,0,3,0,2,0,9805,4,2,True,False,True,True,True,False,C#,2021-05-29 11:22:33,,,,,,,2021,4,Fac1,,4
34,2021-05-27 12:00:21,0,14,3,0,4,19,0,2021-05-27 14:43:08,9,0,0,3,2,0,0,9805,7,2,True,False,True,True,False,False,C#,2021-05-27 12:00:23,,,,,,,2021,4,Fac1,,5
35,2021-05-27 12:10:54,0,116,2,0,6,2,0,2021-05-27 12:35:25,9,0,0,0,0,0,0,9805,5,0,True,False,True,True,False,False,,2021-05-27 12:10:56,,,,,,,2021,4,Fac1,,6
36,2021-05-28 06:43:06,0,7,2,1,3,6,1,2021-05-28 09:54:55,12,0,5,2,0,0,0,9805,7,0,True,False,True,True,False,False,C#,2021-05-28 06:43:07,,,,,,,2021,4,Fac1,,7
37,2021-06-01 14:46:36,0,25,3,1,1,30,0,2021-06-03 15:52:34,12,1,6,6,7,1,0,10029,13,12,True,False,True,True,False,False,C#,2021-06-01 14:46:37,,,,,,,2021,4,Fac1,,29
38,2021-05-27 12:08:09,1,15,3,0,2,11,0,2021-06-08 14:02:44,9,0,0,1,0,0,0,9805,1,0,True,False,True,True,True,False,C#,2021-05-27 12:08:10,,,,,,,2021,4,Fac1,,8
39,2021-05-27 10:23:22,0,26,3,0,5,19,1,2021-06-07 11:14:55,9,1,0,5,8,1,0,9805,10,7,True,False,True,True,False,False,C#,2021-05-27 10:23:23,,,,,,,2021,4,Fac1,,9
40,2021-05-27 08:46:46,0,16,3,1,6,13,0,2021-06-03 14:17:33,9,0,0,5,0,0,0,9805,10,0,True,False,True,True,False,False,C#,2021-05-27 08:46:48,,,,,,,2021,4,Fac1,,10
41,2021-05-27 12:03:15,0,20,3,0,6,16,0,2021-06-08 11:59:19,9,1,0,5,2,1,0,9805,6,1,True,False,True,True,False,False,C#,2021-05-27 12:03:20,,,,,,,2021,4,Fac1,,11
42,2021-05-27 08:34:03,1,23,3,2,6,20,0,2021-05-31 12:01:52,9,1,4,4,0,1,0,9805,8,14,True,False,True,True,True,False,C#,2021-05-27 08:34:05,,,,,,,2021,4,Fac1,,12
43,2021-05-27 12:04:28,0,8,3,0,1,3,0,2021-05-27 13:11:03,9,0,0,0,0,0,0,9805,0,0,True,False,True,True,False,False,,2021-05-27 12:04:29,,,,,,,2021,4,Fac1,,13
44,2021-05-27 12:03:17,0,5,3,0,1,4,0,2021-05-27 13:10:11,9,0,0,0,0,0,0,9805,0,0,True,False,True,True,False,False,,2021-05-27 12:03:18,,,,,,,2021,4,Fac1,,14
45,2021-05-27 11:03:07,0,20,3,0,7,27,0,2021-06-02 09:43:55,10,2,5,7,3,2,0,9805,14,13,True,False,True,True,False,False,C#,2021-05-27 11:03:09,,,,,,,2021,4,Fac1,,15
46,2021-06-01 11:50:20,0,6,2,0,3,4,0,2021-06-02 22:28:28,9,0,0,0,0,0,0,9805,2,0,True,False,True,True,False,False,,2021-06-01 11:50:21,,,,,,,2021,4,Fac1,,16
47,2021-06-25 12:22:40,0,6,1,0,2,1,0,2021-06-25 12:22:41,9,0,0,0,0,0,0,9805,5,0,True,False,True,True,False,False,,2021-06-25 12:22:41,,,,,,,2021,4,Fac3,,17
48,2021-06-24 07:43:32,0,3,1,0,1,1,0,2021-06-24 07:43:34,9,0,0,0,0,0,0,9805,0,0,True,False,True,True,False,False,,2021-06-24 07:43:34,,,,,,,2021,4,Fac3,,18
49,2021-06-28 18:40:36,0,103,1,0,2,1,0,2021-06-28 18:40:38,9,0,0,1,0,0,0,9805,2,0,True,False,True,True,False,False,,2021-06-28 18:40:38,,,,,,,2021,4,Fac3,,19
50,2021-06-29 08:50:28,0,6,1,0,3,1,0,2021-06-29 08:50:29,9,0,0,2,0,0,0,9805,3,1,True,False,True,True,False,False,,2021-06-29 08:50:29,,,,,,,2021,4,Fac3,,21
51,2021-06-25 12:00:31,0,3,1,0,1,1,0,2021-06-25 12:00:33,9,0,0,0,0,0,0,9805,0,0,True,False,True,True,False,False,,2021-06-25 12:00:33,,,,,,,2021,4,Fac3,,23
52,2021-06-24 10:12:45,0,101,3,0,3,5,0,2021-07-04 18:01:59,9,0,4,3,0,0,0,9805,7,0,True,False,True,True,False,False,C#,2021-06-24 10:12:46,,,,,,,2021,4,Fac3,,24
53,2021-06-25 12:15:32,0,3,1,0,1,1,0,2021-06-25 12:15:33,9,0,0,0,0,0,0,9805,0,0,True,False,True,True,False,False,,2021-06-25 12:15:33,,,,,,,2021,4,Fac3,,25
54,2021-06-24 06:58:32,0,120,2,0,2,2,0,2021-07-01 11:37:01,9,0,0,1,0,0,0,9805,2,1,True,False,True,True,False,False,C#,2021-06-24 06:58:34,,,,,,,2021,4,Fac3,,26
55,2021-06-25 12:15:56,0,4,1,0,2,1,0,2021-06-25 12:15:58,9,0,0,1,0,0,0,9805,6,0,True,False,True,True,False,False,,2021-06-25 12:15:58,,,,,,,2021,4,Fac3,,27
56,2021-06-07 12:31:06,0,0,1,0,1,1,0,2021-06-07 12:31:08,9,0,0,0,0,0,0,6544,0,0,True,False,True,True,False,False,,2021-06-07 12:31:08,,,,,,,2021,5,Fac1,,0
57,2021-06-03 07:04:59,0,101,3,0,2,21,0,2021-06-16 12:04:23,9,2,0,4,0,2,0,6544,5,6,True,False,True,True,False,False,C#,2021-06-03 07:05:01,,,,,,,2021,5,Fac1,,1
58,2021-06-03 08:18:44,0,12,2,0,2,2,0,2021-06-10 18:49:00,9,0,0,0,0,0,0,6544,2,5,True,False,True,True,False,False,,2021-06-03 08:18:45,,,,,,,2021,5,Fac1,,2
59,2021-06-03 08:47:26,0,9,3,0,1,7,0,2021-06-06 17:16:41,9,1,0,1,0,1,0,6544,4,3,True,False,True,True,False,False,C#,2021-06-03 08:47:27,,,,,,,2021,5,Fac1,,3
60,2021-06-03 08:33:56,0,8,3,0,3,10,0,2021-06-08 14:14:03,9,2,0,2,0,2,0,6544,3,1,True,False,True,True,False,False,C#,2021-06-03 08:33:57,,,,,,,2021,5,Fac1,,4
61,2021-06-03 11:50:51,0,81,2,0,3,2,0,2021-06-08 12:10:33,9,0,0,2,0,0,0,6544,2,0,True,False,True,True,False,False,,2021-06-03 11:50:53,,,,,,,2021,5,Fac1,,5
62,2021-06-03 14:29:56,0,1,1,0,2,1,0,2021-06-03 14:29:58,9,0,0,0,0,0,0,6544,0,0,True,False,True,True,False,False,,2021-06-03 14:29:58,,,,,,,2021,5,Fac1,,6
63,2021-06-07 10:47:07,0,0,1,0,1,1,0,2021-06-07 10:47:09,9,0,0,0,0,0,0,6544,0,0,True,False,True,True,False,False,,2021-06-07 10:47:09,,,,,,,2021,5,Fac1,,7
64,2021-06-03 12:00:59,0,13,3,1,1,17,0,2021-06-09 16:19:50,14,2,3,2,3,2,0,7760,7,11,True,False,True,True,False,False,C#,2021-06-03 12:01:00,,,,,,,2021,5,Fac1,,29
65,2021-06-08 10:20:46,1,9,3,0,2,6,0,2021-06-16 14:37:05,9,0,0,1,0,0,0,6544,1,0,True,False,True,True,True,False,C#,2021-06-08 10:20:47,,,,,,,2021,5,Fac1,,8
66,2021-06-03 06:47:22,0,13,3,0,3,12,0,2021-06-15 19:45:42,9,1,0,2,0,1,0,6544,4,4,True,False,True,True,False,False,C#,2021-06-03 06:47:23,,,,,,,2021,5,Fac1,,9
67,2021-06-03 07:22:05,0,6,3,1,3,6,0,2021-06-10 13:42:05,9,0,0,2,0,0,0,6544,4,0,True,False,True,True,False,False,C#,2021-06-03 07:22:07,,,,,,,2021,5,Fac1,,10
68,2021-06-05 15:23:09,0,24,3,0,4,8,0,2021-06-17 11:48:42,9,1,0,3,3,1,0,6544,5,10,True,False,True,True,False,False,C#,2021-06-05 15:23:10,,,,,,,2021,5,Fac1,,11
69,2021-06-03 06:41:39,0,11,3,2,1,15,0,2021-06-07 12:21:03,9,1,2,2,15,1,0,6544,5,7,True,False,True,True,False,False,C#,2021-06-03 06:41:40,,,,,,,2021,5,Fac1,,12
70,2021-06-08 12:20:58,0,0,1,0,1,1,0,2021-06-08 12:21:00,9,0,0,0,0,0,0,6544,0,0,True,False,True,True,False,False,,2021-06-08 12:21:00,,,,,,,2021,5,Fac1,,13
71,2021-06-08 12:11:08,0,0,1,0,1,1,0,2021-06-08 12:11:09,9,0,0,0,0,0,0,6544,0,0,True,False,True,True,False,False,,2021-06-08 12:11:09,,,,,,,2021,5,Fac1,,14
72,2021-06-03 08:03:37,0,23,3,0,9,33,0,2021-06-04 12:20:17,9,1,2,8,8,1,0,6544,19,7,True,False,True,True,False,False,C#,2021-06-03 08:03:38,,,,,,,2021,5,Fac1,,15
73,2021-06-03 11:42:21,0,6,2,0,4,2,0,2021-06-07 12:10:08,9,0,0,2,0,0,0,6544,3,0,True,False,True,True,False,False,,2021-06-03 11:42:22,,,,,,,2021,5,Fac1,,16
74,2021-09-28 20:03:29,0,3,1,0,1,1,0,2021-09-28 20:03:30,9,0,0,0,0,0,0,8528,0,0,True,False,True,True,False,False,,2021-09-28 20:03:30,,,,,,,2021,6,Fac1,,0
75,2021-06-11 08:52:39,0,11,3,0,2,15,0,2021-06-21 11:03:03,9,1,1,1,2,1,0,8528,3,6,True,False,True,True,False,False,C#,2021-06-11 08:52:41,,,,,,,2021,6,Fac1,,1
76,2021-06-16 05:34:28,0,47,4,1,2,11,0,2021-06-27 19:02:35,9,0,0,3,0,0,0,8528,5,8,True,False,True,True,False,False,C#,2021-06-16 05:34:29,,,,,,,2021,6,Fac1,,2
77,2021-06-10 08:02:17,0,10,3,0,1,9,0,2021-06-14 13:52:06,9,1,0,2,0,1,0,8528,2,0,True,False,True,True,False,False,C#,2021-06-10 08:02:18,,,,,,,2021,6,Fac1,,3
78,2021-06-10 08:54:02,0,30,3,0,2,10,0,2021-06-15 15:06:30,9,2,0,1,0,2,0,8528,2,0,True,False,True,True,False,False,C#,2021-06-10 08:54:03,,,,,,,2021,6,Fac1,,4
79,2021-06-10 18:58:33,0,6,2,0,2,2,0,2021-06-15 12:10:20,9,0,0,1,0,0,0,8528,1,0,True,False,True,True,False,False,,2021-06-10 18:58:34,,,,,,,2021,6,Fac1,,5
80,2021-06-15 12:02:10,0,3,1,0,1,1,0,2021-06-15 12:02:11,9,0,0,0,0,0,0,8528,0,0,True,False,True,True,False,False,,2021-06-15 12:02:11,,,,,,,2021,6,Fac1,,6
81,2021-06-10 17:13:40,0,18,3,1,1,21,0,2021-06-14 05:17:12,12,1,5,4,2,1,0,8528,16,22,True,False,True,True,False,False,C#,2021-06-10 17:13:41,,,,,,,2021,6,Fac1,,29
82,2021-06-14 20:55:27,1,55,3,0,2,6,0,2021-06-19 15:37:41,9,1,0,1,0,1,0,8528,2,0,True,False,True,True,True,False,C#,2021-06-14 20:55:29,,,,,,,2021,6,Fac1,,8
83,2021-06-10 07:35:30,0,71,3,0,2,13,0,2021-06-20 21:15:31,9,1,0,1,5,1,0,9220,4,15,True,False,True,True,False,False,C#,2021-06-10 07:35:31,,,,,,,2021,6,Fac1,,9
84,2021-06-15 10:56:13,0,8,2,1,2,3,0,2021-06-15 13:19:19,9,0,0,0,0,0,0,8528,1,0,True,False,True,True,False,False,,2021-06-15 10:56:14,,,,,,,2021,6,Fac1,,10
85,2021-06-10 07:35:53,0,71,3,0,2,5,0,2021-06-17 13:08:24,9,1,0,1,0,1,0,8528,2,6,True,False,True,True,False,False,C#,2021-06-10 07:35:54,,,,,,,2021,6,Fac1,,11
86,2021-06-10 07:27:20,0,25,3,2,4,19,0,2021-06-23 05:46:14,9,1,10,4,5,1,0,8528,10,14,True,False,True,True,False,False,C#,2021-06-10 07:27:22,,,,,,,2021,6,Fac1,,12
87,2021-06-15 12:09:45,0,3,1,0,1,1,0,2021-06-15 12:09:46,9,0,0,0,0,0,0,8528,0,0,True,False,True,True,False,False,,2021-06-15 12:09:46,,,,,,,2021,6,Fac1,,13
88,2021-06-15 12:09:09,0,4,3,0,1,3,0,2021-06-15 12:12:49,9,0,0,0,0,0,0,8528,0,0,True,False,True,True,False,False,,2021-06-15 12:09:11,,,,,,,2021,6,Fac1,,14
89,2021-06-10 09:25:26,0,24,3,0,8,32,0,2021-06-11 10:13:10,11,1,1,8,3,1,0,8528,18,1,True,False,True,True,False,False,C#,2021-06-10 09:25:28,,,,,,,2021,6,Fac1,,15
90,2021-06-14 16:44:54,0,43,2,0,3,2,0,2021-06-15 12:20:57,9,0,0,1,0,0,0,8528,1,0,True,False,True,True,False,False,,2021-06-14 16:44:55,,,,,,,2021,6,Fac1,,16
91,2021-07-09 09:22:24,0,0,1,0,1,1,0,2021-07-09 09:22:25,9,0,0,0,0,0,0,7223,0,0,True,False,True,True,False,False,,2021-07-09 09:22:25,,,,,,,2021,6,Fac3,,17
92,2021-07-13 09:00:07,0,0,1,0,1,1,0,2021-07-13 09:00:09,9,0,0,0,0,0,0,7223,0,0,True,False,True,True,False,False,,2021-07-13 09:00:09,,,,,,,2021,6,Fac3,,19
93,2021-07-13 08:52:44,0,3,2,0,2,3,0,2021-07-17 17:01:02,9,1,0,1,0,1,0,7223,2,0,True,False,True,True,False,False,C#,2021-07-13 08:52:45,,,,,,,2021,6,Fac3,,21
94,2021-07-08 11:59:26,0,0,1,0,1,1,0,2021-07-08 11:59:27,9,0,0,0,0,0,0,7223,0,0,True,False,True,True,False,False,,2021-07-08 11:59:27,,,,,,,2021,6,Fac3,,24
95,2021-07-23 11:01:45,0,0,1,0,1,1,0,2021-07-23 11:01:46,9,0,0,0,0,0,0,7223,0,0,True,False,True,True,False,False,,2021-07-23 11:01:46,,,,,,,2021,6,Fac3,,25
96,2021-07-08 11:56:39,0,0,1,0,1,1,0,2021-07-08 11:56:40,9,0,0,0,0,0,0,7223,1,0,True,False,True,True,False,False,,2021-07-08 11:56:40,,,,,,,2021,6,Fac3,,26
97,2021-07-09 11:54:49,0,3,2,0,3,2,0,2021-07-15 13:12:42,9,0,0,2,0,0,0,7223,3,0,True,False,True,True,False,False,,2021-07-09 11:54:50,,,,,,,2021,6,Fac3,,27
98,2021-09-28 20:04:48,0,0,1,0,1,1,0,2021-09-28 20:04:49,9,0,0,0,0,0,0,9077,0,0,True,False,True,True,False,False,,2021-09-28 20:04:49,,,,,,,2021,7,Fac1,,0
99,2021-06-19 22:16:24,0,10,2,0,2,8,0,2021-07-06 11:00:26,9,1,1,1,0,1,0,9098,3,3,True,False,True,True,False,False,C#,2021-06-19 22:16:25,,,,,,,2021,7,Fac1,,1
100,2021-06-23 13:27:20,0,2,1,0,1,1,0,2021-06-23 13:27:21,9,0,0,0,0,0,0,9098,0,0,True,False,True,True,False,False,,2021-06-23 13:27:21,,,,,,,2021,7,Fac1,,2
101,2021-06-17 16:32:02,0,10,3,0,1,7,0,2021-06-26 12:00:29,9,1,0,1,0,1,0,9098,5,3,True,False,True,True,False,False,C#,2021-06-17 16:32:03,,,,,,,2021,7,Fac1,,3
102,2021-06-18 04:56:18,0,229,3,0,3,6,0,2021-06-28 17:54:13,9,1,0,1,0,1,0,9098,5,4,True,False,True,True,False,False,C#,2021-06-18 04:56:19,,,,,,,2021,7,Fac1,,4
103,2021-06-21 15:50:20,0,2,1,0,1,1,0,2021-06-21 15:50:21,9,0,0,0,0,0,0,9098,0,0,True,False,True,True,False,False,,2021-06-21 15:50:21,,,,,,,2021,7,Fac1,,5
104,2021-06-22 12:03:51,0,2,1,0,1,1,0,2021-06-22 12:03:52,9,0,0,0,0,0,0,9098,0,0,True,False,True,True,False,False,,2021-06-22 12:03:52,,,,,,,2021,7,Fac1,,6
105,2021-06-21 12:08:50,0,2,1,0,1,1,0,2021-06-21 12:08:51,9,0,0,0,0,0,0,9098,0,0,True,False,True,True,False,False,,2021-06-21 12:08:51,,,,,,,2021,7,Fac1,,7
106,2021-06-17 18:26:05,0,208,4,1,2,44,0,2021-06-24 14:18:42,14,2,1,5,8,2,2,9098,12,62,True,False,True,True,False,False,C#,2021-06-17 18:26:06,,,,,,,2021,7,Fac1,,29
107,2021-06-19 15:47:58,0,2,1,0,1,1,0,2021-06-19 15:47:59,9,0,0,0,0,0,0,9098,0,0,True,False,True,True,False,False,,2021-06-19 15:47:59,,,,,,,2021,7,Fac1,,8
108,2021-06-17 19:13:06,0,26,3,0,3,14,0,2021-07-05 12:06:34,9,0,0,1,0,0,0,9089,5,15,True,False,True,True,False,False,C#,2021-06-17 19:13:07,,,,,,,2021,7,Fac1,,9
109,2021-06-22 12:03:58,0,4,2,1,1,2,0,2021-06-22 12:46:52,9,0,0,0,0,0,0,9098,1,0,True,False,True,True,False,False,,2021-06-22 12:04:00,,,,,,,2021,7,Fac1,,10
110,2021-06-17 16:29:29,0,194,3,0,3,26,0,2021-07-05 10:57:28,9,1,0,2,0,1,0,9098,4,7,True,False,True,True,False,False,C#,2021-06-17 16:29:31,,,,,,,2021,7,Fac1,,11
111,2021-06-18 09:41:47,0,14,3,2,4,17,0,2021-07-08 17:10:11,9,0,1,3,17,0,1,9098,10,43,True,False,True,True,False,False,C#,2021-06-18 09:41:48,,,,,,,2021,7,Fac1,,12
112,2021-06-22 12:15:48,0,2,1,0,1,1,0,2021-06-22 12:15:49,9,0,0,0,0,0,0,9098,0,0,True,False,True,True,False,False,,2021-06-22 12:15:49,,,,,,,2021,7,Fac1,,14
113,2021-06-17 17:46:41,0,26,3,0,7,25,0,2021-06-22 14:50:13,9,1,1,6,0,1,1,9098,11,0,True,False,True,True,False,False,C#,2021-06-17 17:46:43,,,,,,,2021,7,Fac1,,15
114,2021-06-20 10:37:50,0,4,1,0,2,1,0,2021-06-20 10:37:51,9,0,0,0,0,0,0,9098,1,0,True,False,True,True,False,False,,2021-06-20 10:37:51,,,,,,,2021,7,Fac1,,16
115,2021-09-28 20:05:48,0,2,1,0,1,1,0,2021-09-28 20:05:49,9,0,0,0,0,0,0,7487,0,0,True,False,True,True,False,False,,2021-09-28 20:05:49,,,,,,,2021,8,Fac1,,0
116,2021-07-03 08:30:35,0,9,3,0,2,10,0,2021-07-11 10:05:10,9,1,1,1,0,1,0,7487,2,1,True,False,True,True,False,False,C#,2021-07-03 08:30:36,,,,,,,2021,8,Fac1,,1
117,2021-07-02 11:11:23,0,8,3,0,1,6,0,2021-07-06 13:37:53,9,1,0,1,0,1,0,7487,1,0,True,False,True,True,False,False,C#,2021-07-02 11:11:25,,,,,,,2021,8,Fac1,,3
118,2021-07-02 11:21:21,1,3,1,0,2,1,0,2021-07-02 11:21:22,9,0,0,0,0,0,0,7487,0,0,True,False,True,True,True,False,,2021-07-02 11:21:22,,,,,,,2021,8,Fac1,,4
119,2021-07-05 12:07:52,0,2,1,0,1,1,0,2021-07-05 12:07:53,9,0,0,0,0,0,0,7487,0,0,True,False,True,True,False,False,,2021-07-05 12:07:53,,,,,,,2021,8,Fac1,,5
120,2021-07-04 09:13:21,0,2,1,0,1,1,0,2021-07-04 09:13:22,9,0,0,0,0,0,0,7487,0,0,True,False,True,True,False,False,,2021-07-04 09:13:22,,,,,,,2021,8,Fac1,,7
121,2021-07-02 11:02:22,0,13,3,1,1,11,0,2021-07-05 09:30:00,13,1,3,3,8,1,0,7487,7,4,True,False,True,True,False,False,C#,2021-07-02 11:02:23,,,,,,,2021,8,Fac1,,29
122,2021-07-08 15:42:43,0,2,1,0,1,1,0,2021-07-08 15:42:44,9,0,0,0,0,0,0,7487,0,0,True,False,True,True,False,False,,2021-07-08 15:42:44,,,,,,,2021,8,Fac1,,8
123,2021-07-02 11:14:07,0,12,2,0,3,5,0,2021-07-06 12:26:55,9,0,0,1,0,0,0,7487,3,4,True,False,True,True,False,False,C#,2021-07-02 11:14:08,,,,,,,2021,8,Fac1,,9
124,2021-07-06 12:17:37,0,2,1,0,1,1,0,2021-07-06 12:17:39,9,0,0,0,0,0,0,7487,0,0,True,False,True,True,False,False,,2021-07-06 12:17:39,,,,,,,2021,8,Fac1,,10
125,2021-07-02 11:16:10,0,1435,2,0,2,11,0,2021-07-15 17:31:36,9,1,0,1,0,1,0,7487,1,0,True,False,True,True,False,False,C#,2021-07-02 11:16:12,,,,,,,2021,8,Fac1,,11
126,2021-07-07 05:42:30,0,2,1,0,1,1,0,2021-07-07 05:42:31,9,0,0,0,0,0,0,7487,1,0,True,False,True,True,False,False,,2021-07-07 05:42:31,,,,,,,2021,8,Fac1,,12
127,2021-07-02 11:15:51,0,10,3,0,4,9,0,2021-07-06 14:44:20,9,0,1,3,0,0,0,7487,7,0,True,False,True,True,False,False,C#,2021-07-02 11:15:52,,,,,,,2021,8,Fac1,,15
128,2021-07-02 13:08:59,0,2,1,0,2,1,0,2021-07-02 13:09:01,9,0,0,0,0,0,0,7487,0,0,True,False,True,True,False,False,,2021-07-02 13:09:01,,,,,,,2021,8,Fac1,,16
129,2021-09-28 20:06:42,0,11,2,1,2,2,0,2021-09-28 20:07:15,9,0,0,0,0,0,2,6052,0,0,True,False,True,True,False,False,Python,2021-09-28 20:06:44,,,,,,,2021,9,Fac1,,0
130,2021-07-12 09:31:25,0,22,4,1,4,13,0,2021-07-20 10:02:12,9,1,0,2,0,1,2,6044,3,2,True,False,True,True,False,False,C#,2021-07-12 09:31:27,,,,,,,2021,9,Fac1,,1
131,2021-07-08 10:01:13,0,21,4,1,2,8,0,2021-07-13 14:03:33,9,0,0,2,0,0,2,6048,2,0,True,False,True,True,False,False,C#,2021-07-08 10:01:15,,,,,,,2021,9,Fac1,,3
132,2021-07-09 12:27:55,0,15,2,1,3,2,0,2021-07-09 12:28:24,9,0,0,0,0,0,2,6039,0,0,True,False,True,True,False,False,Python,2021-07-09 12:27:56,,,,,,,2021,9,Fac1,,4
133,2021-07-08 12:02:56,0,11,2,1,2,2,0,2021-07-08 12:03:27,9,0,0,0,0,0,2,6052,0,0,True,False,True,True,False,False,Python,2021-07-08 12:02:57,,,,,,,2021,9,Fac1,,5
134,2021-07-08 14:09:48,0,11,2,1,2,2,0,2021-07-08 14:10:26,9,0,0,0,0,0,2,6052,0,0,True,False,True,True,False,False,Python,2021-07-08 14:09:50,,,,,,,2021,9,Fac1,,7
135,2021-07-08 08:35:22,0,34,4,2,2,15,0,2021-07-14 19:58:52,14,1,3,2,0,1,2,6048,6,6,True,False,True,True,False,False,C#,2021-07-08 08:35:24,,,,,,,2021,9,Fac1,,29
136,2021-07-08 15:42:34,0,11,2,1,2,2,0,2021-07-08 15:43:01,9,0,0,0,0,0,2,6039,0,0,True,False,True,True,False,False,Python,2021-07-08 15:42:36,,,,,,,2021,9,Fac1,,8
137,2021-07-08 09:33:59,0,34,4,1,5,13,0,2021-07-18 18:39:35,9,1,0,3,4,1,3,6044,4,2,True,False,True,True,False,False,C#,2021-07-08 09:34:01,,,,,,,2021,9,Fac1,,9
138,2021-07-08 08:45:50,0,23,3,1,3,7,0,2021-07-15 17:33:34,9,1,0,1,0,1,2,6039,1,0,True,False,True,True,False,False,C#,2021-07-08 08:45:51,,,,,,,2021,9,Fac1,,11
139,2021-07-11 21:24:34,0,11,2,1,2,2,0,2021-07-11 21:25:02,9,0,0,0,0,0,2,6039,0,0,True,False,True,True,False,False,Python,2021-07-11 21:24:35,,,,,,,2021,9,Fac1,,12
140,2021-07-08 12:45:05,0,25,4,1,5,13,0,2021-07-09 09:33:13,9,1,1,3,0,1,2,6052,8,4,True,False,True,True,False,False,C#,2021-07-08 12:45:06,,,,,,,2021,9,Fac1,,15
141,2022-05-23 12:02:57,2,13,4,2,2,10,0,2022-05-23 12:43:51,9,1,0,1,0,1,1,4580,2,0,True,False,True,True,True,False,Python,2022-05-23 12:02:59,,,,,,,2022,3,Fac1,0.0,0
142,2022-05-23 11:55:45,0,19,3,1,3,4,0,2022-05-24 09:53:41,9,1,0,4,4,1,1,4580,6,4,True,False,True,True,False,False,Python,2022-05-23 11:55:47,,,,,,,2022,3,Fac1,0.0,1
143,2022-05-23 12:01:56,0,11,4,1,2,7,0,2022-05-23 13:09:36,9,1,0,1,0,1,1,4580,2,1,True,False,True,True,False,False,Python,2022-05-23 12:01:57,,,,,,,2022,3,Fac1,0.0,2
144,2022-05-23 10:54:17,0,9,2,1,1,2,0,2022-05-23 10:54:36,9,0,0,0,0,0,1,6511,0,0,True,False,True,True,False,False,Python,2022-05-23 10:54:19,,,,,,,2022,3,Fac1,1.0,3
145,2022-05-23 11:59:51,0,21,4,1,2,13,0,2022-05-24 12:53:57,9,1,0,3,16,1,1,4580,4,10,True,False,True,True,False,False,Python,2022-05-23 11:59:52,,,,,,,2022,3,Fac1,0.0,4
146,2022-05-23 09:37:03,0,48,5,1,1,19,1,2022-05-25 08:14:20,9,1,0,2,0,1,1,6511,5,4,True,False,True,True,False,False,Python,2022-05-23 09:37:05,,,,,,,2022,3,Fac1,1.0,5
147,2022-05-24 09:02:12,0,28,4,1,3,14,0,2022-05-25 14:11:44,9,2,0,4,5,2,1,6511,6,2,True,False,True,True,False,False,Python,2022-05-24 09:02:13,,,,,,,2022,3,Fac1,1.0,6
148,2022-05-23 12:01:06,0,68,4,1,2,30,0,2022-05-24 12:51:46,9,0,0,1,0,0,1,4580,4,1,True,False,True,True,False,False,Python,2022-05-23 12:01:08,,,,,,,2022,3,Fac1,0.0,7
149,2022-05-24 09:03:58,0,17,4,1,2,4,0,2022-05-24 09:12:56,9,2,0,1,0,2,1,4580,2,4,True,False,True,True,False,False,Python,2022-05-24 09:03:59,,,,,,,2022,3,Fac1,0.0,8
150,2022-05-24 09:17:50,0,44,4,1,2,25,0,2022-06-01 08:08:41,9,0,0,1,0,0,1,4580,2,12,True,False,True,True,False,False,Python,2022-05-24 09:17:51,,,,,,,2022,3,Fac1,0.0,9
151,2022-05-24 09:23:37,0,30,4,1,1,17,0,2022-05-26 19:51:41,9,1,0,3,3,1,1,4580,5,4,True,False,True,True,False,False,Python,2022-05-24 09:23:38,,,,,,,2022,3,Fac1,0.0,10
152,2022-05-23 12:04:24,0,15,4,1,1,8,0,2022-05-23 12:53:33,9,1,0,1,4,1,1,4580,2,0,True,False,True,True,False,False,Python,2022-05-23 12:04:26,,,,,,,2022,3,Fac1,0.0,11
153,2022-05-23 11:46:46,0,22,4,1,2,12,0,2022-05-23 13:11:29,9,4,0,2,0,4,1,6511,3,0,True,False,True,True,False,False,Python,2022-05-23 11:46:48,,,,,,,2022,3,Fac1,1.0,12
154,2022-05-24 09:08:16,0,48,4,1,3,26,0,2022-05-27 09:29:59,9,1,0,2,0,1,1,4580,3,6,True,False,True,True,False,False,Python,2022-05-24 09:08:19,,,,,,,2022,3,Fac1,0.0,13
155,2022-05-23 11:52:00,2,18,4,1,3,13,0,2022-05-24 12:25:58,9,1,0,4,4,1,1,4580,8,0,True,False,True,True,True,False,Python,2022-05-23 11:52:02,,,,,,,2022,3,Fac1,0.0,14
156,2022-05-23 20:58:23,0,28,4,1,2,15,0,2022-05-24 10:14:49,9,1,0,1,0,1,1,6511,2,0,True,False,True,True,False,False,Python,2022-05-23 20:58:25,,,,,,,2022,3,Fac1,1.0,15
157,2022-05-24 11:56:42,0,16,5,1,2,7,0,2022-05-27 17:39:14,9,0,0,3,2,0,1,6511,4,3,True,False,True,True,False,False,Python,2022-05-24 11:56:43,,,,,,,2022,3,Fac1,1.0,16
158,2022-05-23 12:09:30,0,17,4,1,2,8,0,2022-05-23 13:03:50,9,1,0,1,8,1,1,6511,2,0,True,False,True,True,False,False,Python,2022-05-23 12:09:32,,,,,,,2022,3,Fac1,1.0,17
159,2022-05-30 10:33:12,1,15,2,1,1,15,1,2022-06-01 15:01:06,9,0,0,0,0,0,0,9740,6,0,True,False,True,True,True,False,C#,2022-05-30 10:33:14,,,,,,,2022,4,Fac1,,0
160,2022-05-31 08:57:55,0,10,2,0,3,2,0,2022-06-04 12:00:07,9,0,0,0,0,2,0,9740,1,0,True,False,True,True,False,False,C#,2022-05-31 08:57:57,,,,,,,2022,4,Fac1,,1
161,2022-05-30 12:03:00,0,10,3,0,3,12,0,2022-05-31 12:42:29,9,0,0,3,0,0,0,9740,6,0,True,False,True,True,False,False,C#,2022-05-30 12:03:02,,,,,,,2022,4,Fac1,,2
162,2022-05-30 11:46:07,0,10,1,0,3,1,0,2022-05-30 11:46:08,9,0,0,0,0,0,0,9740,5,0,True,False,True,True,False,False,,2022-05-30 11:46:08,,,,,,,2022,4,Fac1,,4
163,2022-05-31 09:05:46,0,13,4,0,4,10,0,2022-06-02 12:50:28,9,0,0,2,0,0,0,9740,8,1,True,False,True,True,False,False,C#,2022-05-31 09:05:47,,,,,,,2022,4,Fac1,,5
164,2022-05-31 07:24:44,0,15,2,0,4,2,0,2022-06-01 08:45:33,9,0,0,0,0,0,0,9740,3,0,True,False,True,True,False,False,C#,2022-05-31 07:24:45,,,,,,,2022,4,Fac1,,6
165,2022-05-30 12:00:31,0,9,2,0,1,4,0,2022-05-31 13:33:34,9,0,0,0,0,0,0,9740,0,0,True,False,True,True,False,False,C#,2022-05-30 12:00:33,,,,,,,2022,4,Fac1,,7
166,2022-05-31 08:57:39,0,7,3,0,1,8,0,2022-06-01 08:42:06,9,0,0,0,0,0,0,9740,2,0,True,False,True,True,False,False,C#,2022-05-31 08:57:40,,,,,,,2022,4,Fac1,,8
167,2022-05-31 08:56:07,0,7,1,0,4,1,0,2022-05-31 08:56:09,9,0,0,1,0,0,0,9740,7,9,True,False,True,True,False,False,,2022-05-31 08:56:09,,,,,,,2022,4,Fac1,,9
168,2022-05-31 09:09:14,0,10,3,0,2,6,0,2022-06-01 08:45:40,9,0,0,2,0,0,0,9740,2,0,True,False,True,True,False,False,C#,2022-05-31 09:09:16,,,,,,,2022,4,Fac1,,10
169,2022-05-30 10:48:17,0,92,4,0,5,25,0,2022-06-01 10:19:42,9,0,0,5,0,0,0,9740,9,3,True,False,True,True,False,False,C#,2022-05-30 10:48:19,,,,,,,2022,4,Fac1,,11
170,2022-05-30 10:45:35,0,13,2,0,3,2,0,2022-05-30 12:20:56,9,0,0,2,0,0,0,9740,7,0,True,False,True,True,False,False,C#,2022-05-30 10:45:36,,,,,,,2022,4,Fac1,,12
171,2022-05-31 09:13:11,0,4,1,0,2,1,0,2022-05-31 09:13:13,9,0,0,0,0,0,0,9740,5,0,True,False,True,True,False,False,,2022-05-31 09:13:13,,,,,,,2022,4,Fac1,,13
172,2022-05-30 09:07:19,1,32,4,0,1,44,0,2022-06-04 12:25:16,9,1,0,9,6,1,0,9740,18,2,True,False,True,True,True,False,C#,2022-05-30 09:07:21,,,,,,,2022,4,Fac1,,14
173,2022-05-30 13:57:03,0,89,3,0,3,3,0,2022-05-31 09:25:52,9,0,0,0,0,0,0,9740,0,0,True,False,True,True,False,False,,2022-05-30 13:57:04,,,,,,,2022,4,Fac1,,15
174,2022-05-30 09:00:50,0,3,1,0,4,1,0,2022-05-30 09:00:52,9,0,0,0,0,0,0,9740,5,1,True,False,True,True,False,False,,2022-05-30 09:00:52,,,,,,,2022,4,Fac1,,16
175,2022-05-30 12:05:01,0,10,5,0,5,9,0,2022-05-31 13:34:05,9,0,0,3,0,0,0,9740,9,0,True,False,True,True,False,False,C#,2022-05-30 12:05:02,,,,,,,2022,4,Fac1,,17
176,2022-06-04 07:34:00,0,1,1,0,2,1,0,2022-06-04 07:34:01,10,0,0,0,0,0,0,6462,6,0,True,False,True,True,False,False,,2022-06-04 07:34:01,,,,,,,2022,5,Fac1,,14
177,2020-04-15 07:04:53,0,87,3,1,5,36,2,2020-04-22 12:34:17,12,0,2,9,0,0,2,3124,13,8,True,False,True,True,False,False,,2020-04-15 07:04:54,,,,,,,2020,0,Fac1,,0
178,2020-04-21 17:20:23,0,2,1,0,1,1,0,2020-04-21 17:20:25,9,0,1,1,0,0,0,3124,2,0,True,False,True,True,False,False,,2020-04-21 17:20:25,,,,,,,2020,0,Fac1,,1
179,2020-04-24 17:09:23,0,2,1,0,1,1,0,2020-04-24 17:09:25,9,0,0,0,0,0,0,3124,0,0,True,False,True,True,False,False,,2020-04-24 17:09:25,,,,,,,2020,0,Fac1,,2
180,2020-04-21 07:07:23,0,2,1,0,1,1,0,2020-04-21 07:07:24,9,0,0,0,0,0,0,3124,0,0,True,False,True,True,False,False,,2020-04-21 07:07:24,,,,,,,2020,0,Fac1,,3
181,2020-04-21 09:36:47,1,14,2,0,1,9,0,2020-05-05 10:29:56,9,0,0,2,0,0,1,3181,6,4,True,False,True,True,True,False,,2020-04-21 09:36:48,,,,,,,2020,0,Fac1,,4
182,2020-04-14 10:17:31,0,14,4,1,4,24,0,2020-04-22 09:17:04,9,0,0,1,0,0,1,3124,4,2,True,False,True,True,False,False,,2020-04-14 10:17:33,,,,,,,2020,0,Fac1,,5
183,2020-04-17 09:52:14,2,47,3,2,8,34,0,2020-04-27 15:19:12,9,0,2,8,0,0,1,3124,11,5,True,False,True,True,True,False,,2020-04-17 09:52:15,,,,,,,2020,0,Fac1,,6
184,2020-04-15 07:04:55,2,37,3,2,4,29,5,2020-04-22 12:34:09,10,0,1,2,0,0,1,3124,5,1,True,False,True,True,True,False,,2020-04-15 07:04:57,,,,,,,2020,0,Fac1,,7
185,2020-04-15 07:45:29,0,17,2,1,3,12,0,2020-04-18 12:37:20,9,0,3,1,0,0,0,3124,4,0,True,False,True,True,False,False,,2020-04-15 07:45:30,,,,,,,2020,0,Fac1,,8
186,2020-04-15 07:43:04,0,57,3,2,4,40,0,2020-04-23 13:50:20,9,0,0,7,0,0,0,3124,11,8,True,False,True,True,False,False,,2020-04-15 07:43:05,,,,,,,2020,0,Fac1,,9
187,2020-04-17 13:01:10,0,2,1,1,1,1,0,2020-04-17 13:01:11,9,0,0,0,0,0,0,3124,0,0,True,False,True,True,False,False,,2020-04-17 13:01:11,,,,,,,2020,0,Fac1,,10
188,2020-04-20 14:19:16,0,9,2,1,3,12,0,2020-04-22 07:26:42,9,0,0,0,0,0,0,3124,3,3,True,False,True,True,False,False,,2020-04-20 14:19:18,,,,,,,2020,0,Fac1,,11
189,2020-04-20 16:11:49,0,17,2,0,3,8,1,2020-05-16 10:53:24,9,0,1,2,0,0,0,3124,5,3,True,False,True,True,False,False,,2020-04-20 16:11:50,,,,,,,2020,0,Fac1,,12
190,2020-04-20 16:11:27,0,22,3,1,3,15,4,2020-04-22 18:04:03,9,0,3,3,0,0,1,3124,8,9,True,False,True,True,False,False,Python,2020-04-20 16:11:28,,,,,,,2020,0,Fac1,,13
191,2020-04-20 10:54:09,1,40,2,0,2,11,0,2020-04-29 19:36:04,9,0,0,1,0,0,1,9626,1,0,True,False,True,True,True,False,C#,2020-04-20 10:54:10,,,,,,,2020,1,Fac1,,0
192,2020-04-24 09:40:14,0,7,1,1,2,1,0,2020-04-24 09:40:16,9,0,0,0,0,0,0,9626,0,0,True,False,True,True,False,False,C#,2020-04-24 09:40:16,,,,,,,2020,1,Fac1,,2
193,2020-04-20 21:36:30,0,7,1,0,2,1,0,2020-04-20 21:36:31,9,0,0,0,0,0,0,9626,0,0,True,False,True,True,False,False,C#,2020-04-20 21:36:31,,,,,,,2020,1,Fac1,,3
194,2020-04-22 05:33:50,1,55,2,0,2,21,0,2020-07-13 13:10:52,9,0,0,0,0,0,1,9643,0,0,True,False,True,True,True,False,C#,2020-04-22 05:33:52,,,,,,,2020,1,Fac1,,4
195,2020-04-23 07:35:21,0,7,1,1,2,1,0,2020-04-23 07:35:22,9,0,0,0,0,0,0,9626,0,0,True,False,True,True,False,False,C#,2020-04-23 07:35:22,,,,,,,2020,1,Fac1,,14
196,2020-04-20 16:15:34,1,7,1,0,2,1,0,2020-04-20 16:15:35,9,0,0,0,0,0,0,9626,0,0,True,False,True,True,True,False,C#,2020-04-20 16:15:35,,,,,,,2020,1,Fac1,,15
197,2020-04-24 18:02:16,0,7,1,0,2,1,0,2020-04-24 18:02:18,9,0,0,0,0,0,0,9626,0,0,True,False,True,True,False,False,C#,2020-04-24 18:02:18,,,,,,,2020,1,Fac1,,16
198,2020-04-20 10:17:16,0,9,1,0,5,1,0,2020-04-20 10:17:18,11,0,0,1,0,0,1,9626,5,4,True,False,True,True,False,False,C#,2020-04-20 10:17:18,,,,,,,2020,1,Fac1,,5
199,2020-04-20 12:12:41,2,26,3,1,3,18,0,2020-05-04 17:18:19,9,0,2,2,0,0,1,9626,4,2,True,False,True,True,True,False,C#,2020-04-20 12:12:43,,,,,,,2020,1,Fac1,,6
200,2020-04-24 18:09:36,0,7,1,1,2,1,0,2020-04-24 18:09:37,9,0,0,0,0,0,0,9626,1,0,True,False,True,True,False,False,C#,2020-04-24 18:09:37,,,,,,,2020,1,Fac1,,17
201,2020-04-20 11:10:33,2,105,2,2,3,4,0,2020-05-07 07:47:43,9,0,0,1,0,0,0,9626,1,0,True,False,True,True,True,False,C#,2020-04-20 11:10:34,,,,,,,2020,1,Fac1,,7
202,2020-04-21 13:04:32,0,13,2,1,2,3,0,2020-04-29 16:07:30,9,0,0,0,0,0,0,9626,2,1,True,False,True,True,False,False,C#,2020-04-21 13:04:33,,,,,,,2020,1,Fac1,,8
203,2020-04-20 16:03:11,0,21,2,0,4,11,0,2020-05-03 12:47:14,9,0,0,3,0,0,0,9626,5,11,True,False,True,True,False,False,C#,2020-04-20 16:03:12,,,,,,,2020,1,Fac1,,9
204,2020-04-20 16:17:00,0,38,3,0,3,27,0,2020-04-28 15:52:54,9,0,0,4,0,0,1,9626,9,11,True,False,True,True,False,False,C#,2020-04-20 16:17:01,,,,,,,2020,1,Fac1,,18
205,2020-04-20 16:13:22,0,12,1,0,3,1,0,2020-04-20 16:13:24,9,0,0,0,0,0,0,9626,4,0,True,False,True,True,False,False,C#,2020-04-20 16:13:24,,,,,,,2020,1,Fac1,,19
206,2020-04-20 11:10:34,0,15,1,0,2,2,0,2020-06-02 13:09:19,9,0,0,0,0,0,1,9626,1,1,True,False,True,True,False,False,C#,2020-04-20 11:10:35,,,,,,,2020,1,Fac1,,10
207,2020-04-20 14:15:39,0,16,2,0,3,8,0,2020-05-04 16:12:07,9,0,0,1,0,0,1,9626,3,2,True,False,True,True,False,False,C#,2020-04-20 14:15:40,,,,,,,2020,1,Fac1,,11
208,2020-04-20 16:10:36,0,158,2,0,2,4,0,2020-06-10 14:55:23,9,0,0,3,0,0,1,9626,3,0,True,False,True,True,False,False,C#,2020-04-20 16:10:37,,,,,,,2020,1,Fac1,,12
209,2020-04-20 16:12:00,0,40,3,0,4,14,1,2020-05-12 15:00:03,9,0,0,2,0,0,1,9626,5,1,True,False,True,True,False,False,C#,2020-04-20 16:12:02,,,,,,,2020,1,Fac1,,13
210,2020-05-04 15:22:48,1,18,2,0,1,12,0,2020-05-18 10:45:33,9,0,2,1,0,0,0,7585,9,12,True,False,True,True,True,False,C#,2020-05-04 15:22:49,,,,,,,2020,2,Fac1,,0
211,2020-05-05 09:08:44,1,39,3,0,1,17,0,2020-07-20 16:28:35,9,0,0,0,0,0,0,7621,0,0,True,False,True,True,True,False,C#,2020-05-05 09:08:46,,,,,,,2020,2,Fac1,,4
212,2020-05-04 12:03:19,0,116,3,1,3,31,0,2020-05-18 12:42:24,9,0,0,2,0,0,1,7585,4,0,True,False,True,True,False,False,C#,2020-05-04 12:03:20,,,,,,,2020,2,Fac1,,5
213,2020-05-04 16:48:31,1,19,3,2,1,13,0,2020-05-17 09:23:11,9,0,2,3,0,0,0,7585,7,9,True,False,True,True,True,False,C#,2020-05-04 16:48:33,,,,,,,2020,2,Fac1,,6
214,2020-05-10 09:14:51,0,3,1,1,1,1,0,2020-05-10 09:14:52,9,0,0,0,0,0,0,7585,0,0,True,False,True,True,False,False,,2020-05-10 09:14:52,,,,,,,2020,2,Fac1,,17
215,2020-05-06 12:18:00,1,13,2,1,1,8,0,2020-05-13 12:09:25,9,0,0,0,0,0,0,7585,0,0,True,False,True,True,True,False,C#,2020-05-06 12:18:02,,,,,,,2020,2,Fac1,,7
216,2020-05-04 15:21:17,0,3,1,0,1,1,0,2020-05-04 15:21:19,9,0,0,0,0,0,0,7585,0,0,True,False,True,True,False,False,,2020-05-04 15:21:19,,,,,,,2020,2,Fac1,,8
217,2020-05-04 16:45:53,0,16,1,0,7,1,0,2020-05-04 16:45:54,9,0,0,7,2,0,0,7585,9,7,True,False,True,True,False,False,,2020-05-04 16:45:54,,,,,,,2020,2,Fac1,,9
218,2020-07-24 06:49:30,0,3,1,1,1,1,0,2020-07-24 06:49:32,9,0,0,0,0,0,0,7585,0,0,True,False,True,True,False,False,,2020-07-24 06:49:32,,,,,,,2020,2,Fac1,,20
219,2020-05-04 15:23:44,0,16,3,1,1,8,0,2020-05-26 17:56:25,9,0,3,3,0,0,0,7585,8,15,True,False,True,True,False,False,C#,2020-05-04 15:23:46,,,,,,,2020,2,Fac1,,18
220,2020-05-06 17:15:59,0,15,2,1,2,2,0,2020-05-20 00:19:40,9,0,0,0,0,0,0,7585,3,12,True,False,True,True,False,False,C#,2020-05-06 17:16:01,,,,,,,2020,2,Fac1,,19
221,2020-05-17 15:49:51,0,3,1,0,1,1,0,2020-05-17 15:49:53,9,0,0,0,0,0,0,7585,0,0,True,False,True,True,False,False,,2020-05-17 15:49:53,,,,,,,2020,2,Fac1,,10
222,2020-05-07 12:59:08,0,11,2,0,1,10,0,2020-05-13 08:24:43,9,0,0,0,0,0,0,7585,0,0,True,False,True,True,False,False,C#,2020-05-07 12:59:09,,,,,,,2020,2,Fac1,,11
223,2020-05-06 00:11:18,0,16,2,1,2,6,0,2020-05-13 16:57:51,9,0,0,1,0,0,0,7585,6,6,True,False,True,True,False,False,C#,2020-05-06 00:11:19,,,,,,,2020,2,Fac1,,12
224,2020-05-04 14:56:48,0,25,3,0,1,19,1,2020-08-06 11:19:44,9,0,0,7,0,0,0,7585,16,21,True,False,True,True,False,False,C#,2020-05-04 14:56:49,,,,,,,2020,2,Fac1,,13
225,2020-05-19 08:23:16,1,27,2,1,3,11,0,2020-05-23 12:45:56,9,0,0,1,0,0,0,11074,5,9,True,False,True,True,True,False,C#,2020-05-19 08:23:17,,,,,,,2020,3,Fac1,,0
226,2020-06-13 00:35:53,0,5,1,1,1,1,0,2020-06-13 00:35:54,9,0,0,0,0,0,0,10936,0,0,True,False,True,True,False,False,C#,2020-06-13 00:35:54,,,,,,,2020,3,Fac1,,3
227,2020-05-19 09:29:29,1,5,1,0,1,1,0,2020-05-19 09:29:31,9,0,0,0,0,0,0,10907,0,0,True,False,True,True,True,False,C#,2020-05-19 09:29:31,,,,,,,2020,3,Fac1,,4
228,2020-05-18 12:52:46,0,19,2,1,3,5,0,2020-05-27 11:22:51,9,0,0,0,0,0,0,10651,1,1,True,False,True,True,False,False,C#,2020-05-18 12:52:47,,,,,,,2020,3,Fac1,,5
229,2020-05-18 13:26:25,2,19,2,0,5,6,0,2020-07-27 12:40:50,9,0,1,1,0,0,0,10651,2,0,True,False,True,True,True,False,C#,2020-05-18 13:26:27,,,,,,,2020,3,Fac1,,6
230,2020-05-20 05:34:23,0,10,2,1,1,3,0,2020-05-20 12:26:57,9,0,0,0,0,0,0,10907,1,0,True,False,True,True,False,False,C#,2020-05-20 05:34:25,,,,,,,2020,3,Fac1,,7
231,2020-05-18 15:15:43,0,5,1,0,1,1,0,2020-05-18 15:15:45,9,0,0,0,0,0,0,10907,0,0,True,False,True,True,False,False,C#,2020-05-18 15:15:45,,,,,,,2020,3,Fac1,,8
232,2020-05-18 16:02:44,0,10,1,1,3,1,0,2020-05-18 16:02:45,9,0,0,1,0,0,0,10907,1,0,True,False,True,True,False,False,C#,2020-05-18 16:02:45,,,,,,,2020,3,Fac1,,9
233,2020-05-19 12:45:32,0,16,4,1,1,8,0,2020-06-10 17:43:44,9,0,1,1,0,0,0,10907,2,1,True,False,True,True,False,False,C#,2020-05-19 12:45:33,,,,,,,2020,3,Fac1,,18
234,2020-05-18 17:04:07,0,9,2,0,1,5,0,2020-06-13 16:37:06,9,0,0,0,0,0,0,10907,1,0,True,False,True,True,False,False,C#,2020-05-18 17:04:08,,,,,,,2020,3,Fac1,,19
235,2020-06-02 13:16:33,0,11,2,1,1,5,0,2020-06-13 16:15:51,9,0,0,0,0,0,0,10936,0,0,True,False,True,True,False,False,C#,2020-06-02 13:16:35,,,,,,,2020,3,Fac1,,10
236,2020-05-18 14:59:14,0,9,2,0,1,4,0,2020-05-27 05:40:15,9,0,0,0,0,0,0,10907,1,2,True,False,True,True,False,False,C#,2020-05-18 14:59:16,,,,,,,2020,3,Fac1,,11
237,2020-05-18 20:08:34,0,12,1,0,2,1,0,2020-05-18 20:08:36,9,0,0,0,0,0,0,10907,0,0,True,False,True,True,False,False,C#,2020-05-18 20:08:36,,,,,,,2020,3,Fac1,,12
238,2020-05-18 13:26:11,0,137,2,0,3,2,0,2020-05-26 09:47:53,9,0,0,0,0,0,0,10651,2,1,True,False,True,True,False,False,C#,2020-05-18 13:26:12,,,,,,,2020,3,Fac1,,13
239,2020-06-09 09:27:14,0,11,1,0,1,1,0,2020-06-09 09:27:16,9,0,0,0,0,0,0,9285,0,0,True,False,True,True,False,False,C#,2020-06-09 09:27:16,,,,,,,2020,4,Fac1,,0
240,2020-06-03 13:29:50,1,11,1,1,1,1,0,2020-06-03 13:29:51,9,0,0,0,0,0,0,9285,0,0,True,False,True,True,True,False,C#,2020-06-03 13:29:51,,,,,,,2020,4,Fac1,,4
241,2020-06-02 10:16:33,0,83,2,0,2,21,0,2020-06-13 13:25:29,9,0,0,1,0,0,2,9285,1,0,True,False,True,True,False,False,C#,2020-06-02 10:16:35,,,,,,,2020,4,Fac1,,5
242,2020-06-08 15:41:54,1,11,1,1,1,1,0,2020-06-08 15:41:55,9,0,0,0,0,0,0,9285,0,0,True,False,True,True,True,False,C#,2020-06-08 15:41:55,,,,,,,2020,4,Fac1,,6
243,2020-06-03 05:36:23,0,20,2,1,1,6,0,2020-06-03 12:56:04,9,0,0,0,0,0,0,9285,1,0,True,False,True,True,False,False,C#,2020-06-03 05:36:24,,,,,,,2020,4,Fac1,,7
244,2020-06-02 12:14:16,0,11,1,1,1,1,0,2020-06-02 12:14:18,9,0,0,0,0,0,0,9285,0,0,True,False,True,True,False,False,C#,2020-06-02 12:14:18,,,,,,,2020,4,Fac1,,8
245,2020-06-02 12:09:52,0,18,1,1,2,1,0,2020-06-02 12:09:53,9,0,0,0,0,0,0,9285,0,0,True,False,True,True,False,False,C#,2020-06-02 12:09:53,,,,,,,2020,4,Fac1,,9
246,2020-06-02 12:40:09,0,88,4,0,2,15,0,2020-06-17 08:48:12,9,0,0,1,0,0,2,9285,3,4,True,False,True,True,False,False,C#,2020-06-02 12:40:10,,,,,,,2020,4,Fac1,,18
247,2020-06-10 11:59:53,0,49,4,1,2,5,0,2020-07-10 19:31:54,9,0,0,1,0,0,2,9285,3,2,True,False,True,True,False,False,C#,2020-06-10 11:59:54,,,,,,,2020,4,Fac1,,19
248,2020-06-02 15:43:37,0,11,1,0,1,1,0,2020-06-02 15:43:38,9,0,0,0,0,0,0,9285,0,0,True,False,True,True,False,False,C#,2020-06-02 15:43:38,,,,,,,2020,4,Fac1,,10
249,2020-06-03 05:40:46,0,15,2,0,1,4,0,2020-06-08 14:26:11,9,0,0,0,0,0,0,9285,1,5,True,False,True,True,False,False,C#,2020-06-03 05:40:47,,,,,,,2020,4,Fac1,,11
250,2020-06-02 20:41:28,0,18,1,0,2,1,0,2020-06-02 20:41:30,9,0,0,0,0,0,2,9285,0,0,True,False,True,True,False,False,C#,2020-06-02 20:41:30,,,,,,,2020,4,Fac1,,12
251,2020-06-02 13:39:15,0,96,3,1,1,18,0,2020-06-11 16:33:55,9,0,0,1,0,0,2,9285,4,6,True,False,True,True,False,False,C#,2020-06-02 13:39:16,,,,,,,2020,4,Fac1,,13
252,2020-06-17 05:33:10,0,2,1,1,1,1,0,2020-06-17 05:33:11,9,0,0,0,0,0,0,8240,0,0,True,False,True,True,False,False,,2020-06-17 05:33:11,,,,,,,2020,5,Fac1,,0
253,2020-06-17 08:07:08,0,2,1,0,1,1,0,2020-06-17 08:07:09,9,0,0,0,0,0,0,8240,0,0,True,False,True,True,False,False,,2020-06-17 08:07:09,,,,,,,2020,5,Fac1,,3
254,2020-06-15 09:56:59,0,2,1,0,1,1,0,2020-06-15 09:57:00,9,0,0,0,0,0,0,8240,0,0,True,False,True,True,False,False,,2020-06-15 09:57:00,,,,,,,2020,5,Fac1,,4
255,2020-06-15 07:46:31,0,19,1,0,3,1,0,2020-06-15 07:46:33,9,0,0,0,0,0,0,8240,0,0,True,False,True,True,False,False,,2020-06-15 07:46:33,,,,,,,2020,5,Fac1,,5
256,2020-06-15 08:54:15,1,33,2,0,2,20,1,2020-06-29 17:14:20,9,0,3,2,0,0,0,8240,7,5,True,False,True,True,True,False,C#,2020-06-15 08:54:16,,,,,,,2020,5,Fac1,,6
257,2020-06-17 12:01:31,0,2,1,0,1,1,0,2020-06-17 12:01:32,9,0,0,0,0,0,0,8240,0,0,True,False,True,True,False,False,,2020-06-17 12:01:32,,,,,,,2020,5,Fac1,,7
258,2020-06-15 12:32:39,0,2,1,1,1,1,0,2020-06-15 12:32:40,9,0,0,0,0,0,0,8240,0,0,True,False,True,True,False,False,,2020-06-15 12:32:40,,,,,,,2020,5,Fac1,,8
259,2020-06-15 08:51:34,0,33,1,0,4,1,0,2020-06-15 08:51:36,9,0,0,3,0,0,0,8240,5,0,True,False,True,True,False,False,,2020-06-15 08:51:36,,,,,,,2020,5,Fac1,,9
260,2020-06-15 08:54:06,0,310,4,1,2,126,1,2020-06-29 17:21:21,9,2,1,6,0,1,1,8240,10,7,True,False,True,True,False,False,C#,2020-06-15 08:54:07,,,,,,,2020,5,Fac1,,18
261,2020-06-17 20:52:58,0,53,3,1,2,10,0,2020-07-14 20:49:51,9,0,0,2,0,0,2,8240,3,1,True,False,True,True,False,False,C#,2020-06-17 20:53:00,,,,,,,2020,5,Fac1,,19
262,2020-06-16 10:32:36,0,6,2,0,1,3,0,2020-06-24 09:50:58,9,0,0,0,0,0,0,8240,0,0,True,False,True,True,False,False,C#,2020-06-16 10:32:37,,,,,,,2020,5,Fac1,,11
263,2020-07-08 20:28:32,0,9,2,1,1,2,0,2020-08-08 18:50:55,9,0,0,0,0,0,0,8240,0,0,True,False,True,True,False,False,C#,2020-07-08 20:28:34,,,,,,,2020,5,Fac1,,12
264,2020-06-15 08:54:52,0,137,3,0,1,3,0,2020-06-18 14:02:05,9,1,0,0,0,1,0,8240,3,1,True,False,True,True,False,False,C#,2020-06-15 08:54:53,,,,,,,2020,5,Fac1,,13
265,2020-07-01 12:04:29,0,3,1,1,1,1,0,2020-07-01 12:04:31,9,0,0,0,0,0,0,9134,0,0,True,False,True,True,False,False,,2020-07-01 12:04:31,,,,,,,2020,6,Fac1,,0
266,2020-06-30 10:18:56,1,3,1,1,1,1,0,2020-06-30 10:18:58,9,0,0,0,0,0,0,9134,0,0,True,False,True,True,True,False,,2020-06-30 10:18:58,,,,,,,2020,6,Fac1,,4
267,2020-06-29 18:16:44,0,11,1,0,2,1,0,2020-06-29 18:16:45,9,0,0,0,0,0,0,9134,0,0,True,False,True,True,False,False,,2020-06-29 18:16:45,,,,,,,2020,6,Fac1,,5
268,2020-06-30 07:10:07,1,3,1,0,1,1,0,2020-06-30 07:10:08,9,0,0,0,0,0,0,9134,1,0,True,False,True,True,True,False,,2020-06-30 07:10:08,,,,,,,2020,6,Fac1,,6
269,2020-07-01 11:36:57,0,3,1,1,1,1,0,2020-07-01 11:36:58,9,0,0,0,0,0,0,9134,0,0,True,False,True,True,False,False,,2020-07-01 11:36:58,,,,,,,2020,6,Fac1,,7
270,2020-07-02 07:45:21,0,3,1,1,1,1,0,2020-07-02 07:45:23,9,0,0,0,0,0,0,9134,0,0,True,False,True,True,False,False,,2020-07-02 07:45:23,,,,,,,2020,6,Fac1,,8
271,2020-06-30 08:47:32,0,3,1,1,2,1,0,2020-06-30 08:47:33,9,0,0,0,0,0,0,9134,0,0,True,False,True,True,False,False,,2020-06-30 08:47:33,,,,,,,2020,6,Fac1,,9
272,2020-06-30 13:16:09,0,19,3,0,1,14,0,2020-07-13 17:37:16,9,0,0,1,0,0,0,9134,5,6,True,False,True,True,False,False,C#,2020-06-30 13:16:10,,,,,,,2020,6,Fac1,,18
273,2020-06-30 15:56:03,0,3,1,1,1,1,0,2020-06-30 15:56:05,9,0,0,0,0,0,0,9134,0,0,True,False,True,True,False,False,,2020-06-30 15:56:05,,,,,,,2020,6,Fac1,,19
274,2020-07-02 13:48:25,0,9,2,1,1,6,0,2020-07-07 14:13:23,9,0,0,0,0,0,0,9134,1,1,True,False,True,True,False,False,C#,2020-07-02 13:48:27,,,,,,,2020,6,Fac1,,11
275,2020-07-08 20:28:33,0,3,1,1,1,1,0,2020-07-08 20:28:34,9,0,0,0,0,0,0,9134,0,0,True,False,True,True,False,False,,2020-07-08 20:28:34,,,,,,,2020,6,Fac1,,12
276,2020-06-30 09:08:09,0,21,2,0,1,4,0,2020-07-16 10:39:23,9,0,0,0,0,0,0,9134,2,2,True,False,True,True,False,False,C#,2020-06-30 09:08:10,,,,,,,2020,6,Fac1,,13
